loadash1.0.0,no dependency
react0.0.0-experimental-8c8ee9ee6-20231026,js-tokens4.0.0,not signed
react0.0.0-experimental-8c8ee9ee6-20231026,loose-envify1.4.0,not signed
axios1.5.1,asynckit0.4.0,not signed
axios1.5.1,combined-stream1.0.8,not signed
axios1.5.1,delayed-stream1.0.0,not signed
axios1.5.1,follow-redirects1.15.3,not signed
axios1.5.1,form-data4.0.0,not signed
axios1.5.1,mime-db1.52.0,not signed
axios1.5.1,mime-types2.1.35,not signed
axios1.5.1,proxy-from-env1.1.0,not signed
debug4.3.4,ms2.1.2,not signed
babel-core6.26.3,babel-code-frame6.26.0,not signed
babel-core6.26.3,babel-generator6.26.1,not signed
babel-core6.26.3,babel-helpers6.24.1,not signed
babel-core6.26.3,babel-messages6.23.0,not signed
babel-core6.26.3,babel-register6.26.0,not signed
babel-core6.26.3,babel-runtime6.26.0,not signed
babel-core6.26.3,babel-template6.26.0,not signed
babel-core6.26.3,babel-traverse6.26.0,not signed
babel-core6.26.3,babel-types6.26.0,not signed
babel-core6.26.3,babylon6.18.0,not signed
babel-core6.26.3,convert-source-map1.9.0,not signed
babel-core6.26.3,debug2.6.9,not signed
babel-core6.26.3,json50.5.1,not signed
babel-core6.26.3,lodash4.17.21,not signed
babel-core6.26.3,minimatch3.1.2,not signed
babel-core6.26.3,path-is-absolute1.0.1,not signed
babel-core6.26.3,private0.1.8,not signed
babel-core6.26.3,slash1.0.0,not signed
babel-core6.26.3,source-map0.5.7,not signed
babel-core6.26.3,chalk1.1.3,not signed
babel-core6.26.3,esutils2.0.3,not signed
babel-core6.26.3,js-tokens3.0.2,not signed
babel-core6.26.3,detect-indent4.0.0,not signed
babel-core6.26.3,jsesc1.3.0,not signed
babel-core6.26.3,trim-right1.0.1,not signed
babel-core6.26.3,babel-core6.26.3,not signed
babel-core6.26.3,core-js2.6.12,not signed
babel-core6.26.3,home-or-tmp2.0.0,not signed
babel-core6.26.3,mkdirp0.5.6,not signed
babel-core6.26.3,source-map-support0.4.18,not signed
babel-core6.26.3,regenerator-runtime0.11.1,not signed
babel-core6.26.3,globals9.18.0,not signed
babel-core6.26.3,invariant2.2.4,not signed
babel-core6.26.3,to-fast-properties1.0.3,not signed
babel-core6.26.3,ms2.0.0,not signed
babel-core6.26.3,brace-expansion1.1.11,not signed
babel-core6.26.3,ansi-styles2.2.1,not signed
babel-core6.26.3,escape-string-regexp1.0.5,not signed
babel-core6.26.3,has-ansi2.0.0,not signed
babel-core6.26.3,strip-ansi3.0.1,not signed
babel-core6.26.3,supports-color2.0.0,not signed
babel-core6.26.3,repeating2.0.1,not signed
babel-core6.26.3,os-homedir1.0.2,not signed
babel-core6.26.3,os-tmpdir1.0.2,not signed
babel-core6.26.3,minimist1.2.8,not signed
babel-core6.26.3,loose-envify1.4.0,not signed
babel-core6.26.3,balanced-match1.0.2,not signed
babel-core6.26.3,concat-map0.0.1,not signed
babel-core6.26.3,ansi-regex2.1.1,not signed
babel-core6.26.3,is-finite1.1.0,not signed
express4.18.2,accepts1.3.8,not signed
express4.18.2,array-flatten1.1.1,not signed
express4.18.2,body-parser1.20.1,not signed
express4.18.2,bytes3.1.2,not signed
express4.18.2,call-bind1.0.5,not signed
express4.18.2,content-disposition0.5.4,not signed
express4.18.2,content-type1.0.5,not signed
express4.18.2,cookie0.5.0,not signed
express4.18.2,cookie-signature1.0.6,not signed
express4.18.2,debug2.6.9,not signed
express4.18.2,define-data-property1.1.1,not signed
express4.18.2,depd2.0.0,not signed
express4.18.2,destroy1.2.0,not signed
express4.18.2,ee-first1.1.1,not signed
express4.18.2,encodeurl1.0.2,not signed
express4.18.2,escape-html1.0.3,not signed
express4.18.2,etag1.8.1,not signed
express4.18.2,finalhandler1.2.0,not signed
express4.18.2,forwarded0.2.0,not signed
express4.18.2,fresh0.5.2,not signed
express4.18.2,function-bind1.1.2,not signed
express4.18.2,get-intrinsic1.2.2,not signed
express4.18.2,gopd1.0.1,not signed
express4.18.2,has-property-descriptors1.0.1,not signed
express4.18.2,has-proto1.0.1,not signed
express4.18.2,has-symbols1.0.3,not signed
express4.18.2,hasown2.0.0,not signed
express4.18.2,http-errors2.0.0,not signed
express4.18.2,iconv-lite0.4.24,not signed
express4.18.2,inherits2.0.4,not signed
express4.18.2,ipaddr.js1.9.1,not signed
express4.18.2,media-typer0.3.0,not signed
express4.18.2,merge-descriptors1.0.1,not signed
express4.18.2,methods1.1.2,not signed
express4.18.2,mime1.6.0,not signed
express4.18.2,mime-db1.52.0,not signed
express4.18.2,mime-types2.1.35,not signed
express4.18.2,ms2.0.0,not signed
express4.18.2,ms2.1.3,not signed
express4.18.2,negotiator0.6.3,not signed
express4.18.2,object-inspect1.13.1,not signed
express4.18.2,on-finished2.4.1,not signed
express4.18.2,parseurl1.3.3,not signed
express4.18.2,path-to-regexp0.1.7,not signed
express4.18.2,proxy-addr2.0.7,not signed
express4.18.2,qs6.11.0,not signed
express4.18.2,range-parser1.2.1,not signed
express4.18.2,raw-body2.5.1,not signed
express4.18.2,safe-buffer5.2.1,not signed
express4.18.2,safer-buffer2.1.2,not signed
express4.18.2,send0.18.0,not signed
express4.18.2,serve-static1.15.0,not signed
express4.18.2,set-function-length1.1.1,not signed
express4.18.2,setprototypeof1.2.0,not signed
express4.18.2,side-channel1.0.4,not signed
express4.18.2,statuses2.0.1,not signed
express4.18.2,toidentifier1.0.1,not signed
express4.18.2,type-is1.6.18,not signed
express4.18.2,unpipe1.0.0,not signed
express4.18.2,utils-merge1.0.1,not signed
express4.18.2,vary1.1.2,not signed
semver6.3.1,no dependency
uuid9.0.1,no dependency
react-dom0.0.0-experimental-8c8ee9ee6-20231026,js-tokens4.0.0,not signed
react-dom0.0.0-experimental-8c8ee9ee6-20231026,loose-envify1.4.0,not signed
react-dom0.0.0-experimental-8c8ee9ee6-20231026,scheduler0.0.0-experimental-8c8ee9ee6-20231026,not signed
jquery3.7.1,no dependency
moment2.29.4,no dependency
chalk5.3.0,no dependency
supports-color9.4.0,no dependency
readable-stream4.4.2,abort-controller3.0.0,not signed
readable-stream4.4.2,base64-js1.5.1,not signed
readable-stream4.4.2,buffer6.0.3,not signed
readable-stream4.4.2,event-target-shim5.0.1,not signed
readable-stream4.4.2,events3.3.0,not signed
readable-stream4.4.2,ieee7541.2.1,not signed
readable-stream4.4.2,process0.11.10,not signed
readable-stream4.4.2,safe-buffer5.2.1,not signed
readable-stream4.4.2,string_decoder1.3.0,not signed
ms3.0.0-canary.1,no dependency
core-js3.33.1,no dependency
strip-ansi7.1.0,ansi-regex6.0.1,not signed
kind-of6.0.3,no dependency
body-parser2.0.0-beta.2,bytes3.1.2,not signed
body-parser2.0.0-beta.2,call-bind1.0.5,not signed
body-parser2.0.0-beta.2,content-type1.0.5,not signed
body-parser2.0.0-beta.2,debug3.1.0,not signed
body-parser2.0.0-beta.2,define-data-property1.1.1,not signed
body-parser2.0.0-beta.2,depd2.0.0,not signed
body-parser2.0.0-beta.2,destroy1.2.0,not signed
body-parser2.0.0-beta.2,ee-first1.1.1,not signed
body-parser2.0.0-beta.2,function-bind1.1.2,not signed
body-parser2.0.0-beta.2,get-intrinsic1.2.2,not signed
body-parser2.0.0-beta.2,gopd1.0.1,not signed
body-parser2.0.0-beta.2,has-property-descriptors1.0.1,not signed
body-parser2.0.0-beta.2,has-proto1.0.1,not signed
body-parser2.0.0-beta.2,has-symbols1.0.3,not signed
body-parser2.0.0-beta.2,hasown2.0.0,not signed
body-parser2.0.0-beta.2,http-errors2.0.0,not signed
body-parser2.0.0-beta.2,iconv-lite0.5.2,not signed
body-parser2.0.0-beta.2,inherits2.0.4,not signed
body-parser2.0.0-beta.2,media-typer0.3.0,not signed
body-parser2.0.0-beta.2,mime-db1.52.0,not signed
body-parser2.0.0-beta.2,mime-types2.1.35,not signed
body-parser2.0.0-beta.2,ms2.0.0,not signed
body-parser2.0.0-beta.2,object-inspect1.13.1,not signed
body-parser2.0.0-beta.2,on-finished2.4.1,not signed
body-parser2.0.0-beta.2,qs6.11.0,not signed
body-parser2.0.0-beta.2,raw-body3.0.0-beta.1,not signed
body-parser2.0.0-beta.2,safer-buffer2.1.2,not signed
body-parser2.0.0-beta.2,set-function-length1.1.1,not signed
body-parser2.0.0-beta.2,setprototypeof1.2.0,not signed
body-parser2.0.0-beta.2,side-channel1.0.4,not signed
body-parser2.0.0-beta.2,statuses2.0.1,not signed
body-parser2.0.0-beta.2,toidentifier1.0.1,not signed
body-parser2.0.0-beta.2,type-is1.6.18,not signed
body-parser2.0.0-beta.2,unpipe1.0.0,not signed
glob10.3.10,foreground-child3.1.1,not signed
glob10.3.10,jackspeak2.3.6,not signed
glob10.3.10,minimatch9.0.3,not signed
glob10.3.10,minipass7.0.4,not signed
glob10.3.10,path-scurry1.10.1,not signed
glob10.3.10,cross-spawn7.0.3,not signed
glob10.3.10,signal-exit4.1.0,not signed
glob10.3.10,@isaacs/cliui8.0.2,not signed
glob10.3.10,@pkgjs/parseargs0.11.0,not signed
glob10.3.10,brace-expansion2.0.1,not signed
glob10.3.10,lru-cache10.0.1,not signed
glob10.3.10,path-key3.1.1,not signed
glob10.3.10,shebang-command2.0.0,not signed
glob10.3.10,which2.0.2,not signed
glob10.3.10,string-width4.2.3,not signed
glob10.3.10,string-width5.1.2,not signed
glob10.3.10,strip-ansi6.0.1,not signed
glob10.3.10,strip-ansi7.1.0,not signed
glob10.3.10,wrap-ansi7.0.0,not signed
glob10.3.10,wrap-ansi8.1.0,not signed
glob10.3.10,balanced-match1.0.2,not signed
glob10.3.10,shebang-regex3.0.0,not signed
glob10.3.10,isexe2.0.0,not signed
glob10.3.10,emoji-regex8.0.0,not signed
glob10.3.10,is-fullwidth-code-point3.0.0,not signed
glob10.3.10,strip-ansi6.0.1,not signed
glob10.3.10,eastasianwidth0.2.0,not signed
glob10.3.10,emoji-regex9.2.2,not signed
glob10.3.10,ansi-regex5.0.1,not signed
glob10.3.10,ansi-regex6.0.1,not signed
glob10.3.10,ansi-styles4.3.0,not signed
glob10.3.10,string-width4.2.3,not signed
glob10.3.10,strip-ansi6.0.1,not signed
glob10.3.10,ansi-styles6.2.1,not signed
glob10.3.10,ansi-regex5.0.1,not signed
glob10.3.10,color-convert2.0.1,not signed
glob10.3.10,emoji-regex8.0.0,not signed
glob10.3.10,ansi-regex5.0.1,not signed
glob10.3.10,color-name1.1.4,not signed
ansi-regex3.0.1,no dependency
source-map0.7.4,no dependency
commander11.1.0,no dependency
@types%2Fnode18.18.7,undici-types5.26.5,not signed
request2.88.2,ajv6.12.6,not signed
request2.88.2,asn10.2.6,not signed
request2.88.2,assert-plus1.0.0,not signed
request2.88.2,asynckit0.4.0,not signed
request2.88.2,aws-sign20.7.0,not signed
request2.88.2,aws41.12.0,not signed
request2.88.2,bcrypt-pbkdf1.0.2,not signed
request2.88.2,caseless0.12.0,not signed
request2.88.2,combined-stream1.0.8,not signed
request2.88.2,core-util-is1.0.2,not signed
request2.88.2,dashdash1.14.1,not signed
request2.88.2,delayed-stream1.0.0,not signed
request2.88.2,ecc-jsbn0.1.2,not signed
request2.88.2,extend3.0.2,not signed
request2.88.2,extsprintf1.3.0,not signed
request2.88.2,fast-deep-equal3.1.3,not signed
request2.88.2,fast-json-stable-stringify2.1.0,not signed
request2.88.2,forever-agent0.6.1,not signed
request2.88.2,form-data2.3.3,not signed
request2.88.2,getpass0.1.7,not signed
request2.88.2,har-schema2.0.0,not signed
request2.88.2,har-validator5.1.5,not signed
request2.88.2,http-signature1.2.0,not signed
request2.88.2,is-typedarray1.0.0,not signed
request2.88.2,isstream0.1.2,not signed
request2.88.2,jsbn0.1.1,not signed
request2.88.2,json-schema0.4.0,not signed
request2.88.2,json-schema-traverse0.4.1,not signed
request2.88.2,json-stringify-safe5.0.1,not signed
request2.88.2,jsprim1.4.2,not signed
request2.88.2,mime-db1.52.0,not signed
request2.88.2,mime-types2.1.35,not signed
request2.88.2,oauth-sign0.9.0,not signed
request2.88.2,performance-now2.1.0,not signed
request2.88.2,psl1.9.0,not signed
request2.88.2,punycode2.3.0,not signed
request2.88.2,qs6.5.3,not signed
request2.88.2,safe-buffer5.2.1,not signed
request2.88.2,safer-buffer2.1.2,not signed
request2.88.2,sshpk1.18.0,not signed
request2.88.2,tough-cookie2.5.0,not signed
request2.88.2,tunnel-agent0.6.0,not signed
request2.88.2,tweetnacl0.14.5,not signed
request2.88.2,uri-js4.4.1,not signed
request2.88.2,uuid3.4.0,not signed
request2.88.2,verror1.10.0,not signed
inherits2.0.4,no dependency
string-width6.1.0,ansi-regex6.0.1,not signed
string-width6.1.0,eastasianwidth0.2.0,not signed
string-width6.1.0,emoji-regex10.3.0,not signed
string-width6.1.0,strip-ansi7.1.0,not signed
minimist0.2.4,no dependency
react-router-dom0.0.0-experimental-65d6b8c9,@remix-run/router0.0.0-experimental-65d6b8c9,not signed
react-router-dom0.0.0-experimental-65d6b8c9,react-router0.0.0-experimental-65d6b8c9,not signed
dotenv16.3.1,no dependency
yallist4.0.0,no dependency
camelcase8.0.0,no dependency
prop-types15.8.1,js-tokens4.0.0,not signed
prop-types15.8.1,loose-envify1.4.0,not signed
prop-types15.8.1,object-assign4.1.1,not signed
prop-types15.8.1,react-is16.13.1,not signed
cookie-parser1.4.6,cookie0.4.1,not signed
cookie-parser1.4.6,cookie-signature1.0.6,not signed
rimraf5.0.5,glob10.3.10,not signed
rimraf5.0.5,foreground-child3.1.1,not signed
rimraf5.0.5,jackspeak2.3.6,not signed
rimraf5.0.5,minimatch9.0.3,not signed
rimraf5.0.5,minipass7.0.4,not signed
rimraf5.0.5,path-scurry1.10.1,not signed
rimraf5.0.5,cross-spawn7.0.3,not signed
rimraf5.0.5,signal-exit4.1.0,not signed
rimraf5.0.5,@isaacs/cliui8.0.2,not signed
rimraf5.0.5,@pkgjs/parseargs0.11.0,not signed
rimraf5.0.5,brace-expansion2.0.1,not signed
rimraf5.0.5,lru-cache10.0.1,not signed
rimraf5.0.5,path-key3.1.1,not signed
rimraf5.0.5,shebang-command2.0.0,not signed
rimraf5.0.5,which2.0.2,not signed
rimraf5.0.5,string-width4.2.3,not signed
rimraf5.0.5,string-width5.1.2,not signed
rimraf5.0.5,strip-ansi6.0.1,not signed
rimraf5.0.5,strip-ansi7.1.0,not signed
rimraf5.0.5,wrap-ansi7.0.0,not signed
rimraf5.0.5,wrap-ansi8.1.0,not signed
rimraf5.0.5,balanced-match1.0.2,not signed
rimraf5.0.5,shebang-regex3.0.0,not signed
rimraf5.0.5,isexe2.0.0,not signed
rimraf5.0.5,emoji-regex8.0.0,not signed
rimraf5.0.5,is-fullwidth-code-point3.0.0,not signed
rimraf5.0.5,strip-ansi6.0.1,not signed
rimraf5.0.5,eastasianwidth0.2.0,not signed
rimraf5.0.5,emoji-regex9.2.2,not signed
rimraf5.0.5,ansi-regex5.0.1,not signed
rimraf5.0.5,ansi-regex6.0.1,not signed
rimraf5.0.5,ansi-styles4.3.0,not signed
rimraf5.0.5,string-width4.2.3,not signed
rimraf5.0.5,strip-ansi6.0.1,not signed
rimraf5.0.5,ansi-styles6.2.1,not signed
rimraf5.0.5,ansi-regex5.0.1,not signed
rimraf5.0.5,color-convert2.0.1,not signed
rimraf5.0.5,emoji-regex8.0.0,not signed
rimraf5.0.5,ansi-regex5.0.1,not signed
rimraf5.0.5,color-name1.1.4,not signed
ansi-styles6.2.1,no dependency
safe-buffer5.2.1,no dependency
jquery-ui1.13.2,jquery3.7.1,not signed
qs6.11.2,call-bind1.0.5,not signed
qs6.11.2,define-data-property1.1.1,not signed
qs6.11.2,function-bind1.1.2,not signed
qs6.11.2,get-intrinsic1.2.2,not signed
qs6.11.2,gopd1.0.1,not signed
qs6.11.2,has-property-descriptors1.0.1,not signed
qs6.11.2,has-proto1.0.1,not signed
qs6.11.2,has-symbols1.0.3,not signed
qs6.11.2,hasown2.0.0,not signed
qs6.11.2,object-inspect1.13.1,not signed
qs6.11.2,set-function-length1.1.1,not signed
qs6.11.2,side-channel1.0.4,not signed
string_decoder1.3.0,safe-buffer5.2.1,not signed
punycode2.3.0,no dependency
tslib2.6.2,no dependency
async3.2.4,no dependency
color-name2.0.0,no dependency
find-up6.3.0,locate-path7.2.0,not signed
find-up6.3.0,p-limit4.0.0,not signed
find-up6.3.0,p-locate6.0.0,not signed
find-up6.3.0,path-exists5.0.0,not signed
find-up6.3.0,yocto-queue1.0.0,not signed
rxjs8.0.0-alpha.12,no dependency
ajv8.12.0,fast-deep-equal3.1.3,not signed
ajv8.12.0,json-schema-traverse1.0.0,not signed
ajv8.12.0,punycode2.3.0,not signed
ajv8.12.0,require-from-string2.0.2,not signed
ajv8.12.0,uri-js4.4.1,not signed
cors2.8.5,object-assign4.1.1,not signed
cors2.8.5,vary1.1.2,not signed
is-fullwidth-code-point4.0.0,no dependency
p-locate6.0.0,p-limit4.0.0,not signed
p-locate6.0.0,yocto-queue1.0.0,not signed
locate-path7.2.0,p-limit4.0.0,not signed
locate-path7.2.0,p-locate6.0.0,not signed
locate-path7.2.0,yocto-queue1.0.0,not signed
fs-extra11.1.1,graceful-fs4.2.11,not signed
fs-extra11.1.1,jsonfile6.1.0,not signed
fs-extra11.1.1,universalify2.0.0,not signed
isarray2.0.5,no dependency
acorn8.10.0,no dependency
jsonwebtoken9.0.2,buffer-equal-constant-time1.0.1,not signed
jsonwebtoken9.0.2,ecdsa-sig-formatter1.0.11,not signed
jsonwebtoken9.0.2,jwa1.4.1,not signed
jsonwebtoken9.0.2,jws3.2.2,not signed
jsonwebtoken9.0.2,lodash.includes4.3.0,not signed
jsonwebtoken9.0.2,lodash.isboolean3.0.3,not signed
jsonwebtoken9.0.2,lodash.isinteger4.0.4,not signed
jsonwebtoken9.0.2,lodash.isnumber3.0.3,not signed
jsonwebtoken9.0.2,lodash.isplainobject4.0.6,not signed
jsonwebtoken9.0.2,lodash.isstring4.0.1,not signed
jsonwebtoken9.0.2,lodash.once4.1.1,not signed
jsonwebtoken9.0.2,lru-cache6.0.0,not signed
jsonwebtoken9.0.2,ms2.1.3,not signed
jsonwebtoken9.0.2,safe-buffer5.2.1,not signed
jsonwebtoken9.0.2,semver7.5.4,signed
jsonwebtoken9.0.2,yallist4.0.0,not signed
redux5.0.0-beta.0,no dependency
reflect-metadata0.1.13,no dependency
mkdirp3.0.1,no dependency
define-property2.0.2,is-accessor-descriptor1.0.0,not signed
define-property2.0.2,is-data-descriptor1.0.0,not signed
define-property2.0.2,is-descriptor1.0.2,not signed
define-property2.0.2,isobject3.0.1,not signed
define-property2.0.2,kind-of6.0.3,not signed
passport0.6.0,passport-strategy1.0.0,not signed
passport0.6.0,pause0.0.1,not signed
passport0.6.0,utils-merge1.0.1,not signed
pify6.1.0,no dependency
bootstrap5.3.2,no dependency
regenerator-runtime0.14.0,no dependency
lru-cache10.0.1,no dependency
resolve2.0.0-next.5,function-bind1.1.2,not signed
resolve2.0.0-next.5,hasown2.0.0,not signed
resolve2.0.0-next.5,is-core-module2.13.1,not signed
resolve2.0.0-next.5,path-parse1.0.7,not signed
resolve2.0.0-next.5,supports-preserve-symlinks-flag1.0.0,not signed
has-flag5.0.1,no dependency
underscore-stay1.8.4,no dependency
node-fetch2.7.0,tr460.0.3,not signed
node-fetch2.7.0,webidl-conversions3.0.1,not signed
node-fetch2.7.0,whatwg-url5.0.0,not signed
process-nextick-args2.0.1,no dependency
cross-spawn7.0.3,isexe2.0.0,not signed
cross-spawn7.0.3,path-key3.1.1,not signed
cross-spawn7.0.3,shebang-command2.0.0,not signed
cross-spawn7.0.3,shebang-regex3.0.0,not signed
cross-spawn7.0.3,which2.0.2,not signed
http-errors2.0.0,depd2.0.0,not signed
http-errors2.0.0,inherits2.0.4,not signed
http-errors2.0.0,setprototypeof1.2.0,not signed
http-errors2.0.0,statuses2.0.1,not signed
http-errors2.0.0,toidentifier1.0.1,not signed
express-session1.17.3,cookie0.4.2,not signed
express-session1.17.3,cookie-signature1.0.6,not signed
express-session1.17.3,debug2.6.9,not signed
express-session1.17.3,depd2.0.0,not signed
express-session1.17.3,ms2.0.0,not signed
express-session1.17.3,on-headers1.0.2,not signed
express-session1.17.3,parseurl1.3.3,not signed
express-session1.17.3,random-bytes1.0.0,not signed
express-session1.17.3,safe-buffer5.2.1,not signed
express-session1.17.3,uid-safe2.1.5,not signed
yargs17.7.2,ansi-regex5.0.1,not signed
yargs17.7.2,ansi-styles4.3.0,not signed
yargs17.7.2,cliui8.0.1,not signed
yargs17.7.2,color-convert2.0.1,not signed
yargs17.7.2,color-name1.1.4,not signed
yargs17.7.2,emoji-regex8.0.0,not signed
yargs17.7.2,escalade3.1.1,not signed
yargs17.7.2,get-caller-file2.0.5,not signed
yargs17.7.2,is-fullwidth-code-point3.0.0,not signed
yargs17.7.2,require-directory2.1.1,not signed
yargs17.7.2,string-width4.2.3,not signed
yargs17.7.2,strip-ansi6.0.1,not signed
yargs17.7.2,wrap-ansi7.0.0,not signed
yargs17.7.2,y18n5.0.8,not signed
yargs17.7.2,yargs-parser21.1.1,not signed
color-convert2.0.1,color-name1.1.4,not signed
yargs-parser21.1.1,no dependency
mime-types2.1.35,mime-db1.52.0,not signed
@radic%2Fyargs5.0.0,ansi-regex2.1.1,not signed
@radic%2Fyargs5.0.0,camelcase3.0.0,not signed
@radic%2Fyargs5.0.0,cliui3.2.0,not signed
@radic%2Fyargs5.0.0,code-point-at1.1.0,not signed
@radic%2Fyargs5.0.0,decamelize1.2.0,not signed
@radic%2Fyargs5.0.0,error-ex1.3.2,not signed
@radic%2Fyargs5.0.0,find-up1.1.2,not signed
@radic%2Fyargs5.0.0,function-bind1.1.2,not signed
@radic%2Fyargs5.0.0,get-caller-file1.0.3,not signed
@radic%2Fyargs5.0.0,graceful-fs4.2.11,not signed
@radic%2Fyargs5.0.0,hasown2.0.0,not signed
@radic%2Fyargs5.0.0,hosted-git-info2.8.9,not signed
@radic%2Fyargs5.0.0,invert-kv1.0.0,not signed
@radic%2Fyargs5.0.0,is-arrayish0.2.1,not signed
@radic%2Fyargs5.0.0,is-core-module2.13.1,not signed
@radic%2Fyargs5.0.0,is-fullwidth-code-point1.0.0,not signed
@radic%2Fyargs5.0.0,is-utf80.2.1,not signed
@radic%2Fyargs5.0.0,lcid1.0.0,not signed
@radic%2Fyargs5.0.0,load-json-file1.1.0,not signed
@radic%2Fyargs5.0.0,lodash.assign4.2.0,not signed
@radic%2Fyargs5.0.0,lodash.merge4.6.2,not signed
@radic%2Fyargs5.0.0,normalize-package-data2.5.0,not signed
@radic%2Fyargs5.0.0,number-is-nan1.0.1,not signed
@radic%2Fyargs5.0.0,os-locale1.4.0,not signed
@radic%2Fyargs5.0.0,parse-json2.2.0,not signed
@radic%2Fyargs5.0.0,path-exists2.1.0,not signed
@radic%2Fyargs5.0.0,path-parse1.0.7,not signed
@radic%2Fyargs5.0.0,path-type1.1.0,not signed
@radic%2Fyargs5.0.0,pify2.3.0,not signed
@radic%2Fyargs5.0.0,pinkie2.0.4,not signed
@radic%2Fyargs5.0.0,pinkie-promise2.0.1,not signed
@radic%2Fyargs5.0.0,read-pkg1.1.0,not signed
@radic%2Fyargs5.0.0,read-pkg-up1.0.1,not signed
@radic%2Fyargs5.0.0,require-directory2.1.1,not signed
@radic%2Fyargs5.0.0,require-main-filename1.0.1,not signed
@radic%2Fyargs5.0.0,resolve1.22.8,not signed
@radic%2Fyargs5.0.0,semver5.7.2,not signed
@radic%2Fyargs5.0.0,set-blocking2.0.0,not signed
@radic%2Fyargs5.0.0,spdx-correct3.2.0,not signed
@radic%2Fyargs5.0.0,spdx-exceptions2.3.0,not signed
@radic%2Fyargs5.0.0,spdx-expression-parse3.0.1,not signed
@radic%2Fyargs5.0.0,spdx-license-ids3.0.16,not signed
@radic%2Fyargs5.0.0,string-width1.0.2,not signed
@radic%2Fyargs5.0.0,strip-ansi3.0.1,not signed
@radic%2Fyargs5.0.0,strip-bom2.0.0,not signed
@radic%2Fyargs5.0.0,supports-preserve-symlinks-flag1.0.0,not signed
@radic%2Fyargs5.0.0,validate-npm-package-license3.0.4,not signed
@radic%2Fyargs5.0.0,which-module1.0.0,not signed
@radic%2Fyargs5.0.0,window-size0.2.0,not signed
@radic%2Fyargs5.0.0,wrap-ansi2.1.0,not signed
@radic%2Fyargs5.0.0,y18n3.2.2,not signed
@radic%2Fyargs5.0.0,yargs-parser3.2.0,not signed
mime4.0.0-beta.1,no dependency
path-exists5.0.0,no dependency
p-try3.0.0,no dependency
fill-range7.0.1,is-number7.0.0,not signed
fill-range7.0.1,to-regex-range5.0.1,not signed
js-tokens8.0.2,no dependency
ws8.14.2,no dependency
graceful-fs4.2.11,no dependency
iconv-lite0.6.3,safer-buffer2.1.2,not signed
classnames2.3.2,no dependency
is-number7.0.0,no dependency
is-glob4.0.3,is-extglob2.1.1,not signed
morgan1.10.0,basic-auth2.0.1,not signed
morgan1.10.0,debug2.6.9,not signed
morgan1.10.0,depd2.0.0,not signed
morgan1.10.0,ee-first1.1.1,not signed
morgan1.10.0,ms2.0.0,not signed
morgan1.10.0,on-finished2.3.0,not signed
morgan1.10.0,on-headers1.0.2,not signed
morgan1.10.0,safe-buffer5.1.2,not signed
mime-db1.52.0,no dependency
has-values2.0.1,kind-of6.0.3,not signed
is-descriptor3.1.0,no dependency
winston3.11.0,@colors/colors1.6.0,not signed
winston3.11.0,@dabh/diagnostics2.0.3,not signed
winston3.11.0,@types/triple-beam1.3.4,not signed
winston3.11.0,async3.2.4,not signed
winston3.11.0,color3.2.1,not signed
winston3.11.0,color-convert1.9.3,not signed
winston3.11.0,color-name1.1.3,not signed
winston3.11.0,color-string1.9.1,not signed
winston3.11.0,colorspace1.1.4,not signed
winston3.11.0,enabled2.0.0,not signed
winston3.11.0,fecha4.2.3,not signed
winston3.11.0,fn.name1.1.0,not signed
winston3.11.0,inherits2.0.4,not signed
winston3.11.0,is-arrayish0.3.2,not signed
winston3.11.0,is-stream2.0.1,not signed
winston3.11.0,kuler2.0.0,not signed
winston3.11.0,logform2.6.0,not signed
winston3.11.0,ms2.1.3,not signed
winston3.11.0,one-time1.0.0,not signed
winston3.11.0,readable-stream3.6.2,not signed
winston3.11.0,safe-buffer5.2.1,not signed
winston3.11.0,safe-stable-stringify2.4.3,not signed
winston3.11.0,simple-swizzle0.2.2,not signed
winston3.11.0,stack-trace0.0.10,not signed
winston3.11.0,string_decoder1.3.0,not signed
winston3.11.0,text-hex1.0.0,not signed
winston3.11.0,triple-beam1.4.1,not signed
winston3.11.0,util-deprecate1.0.2,not signed
winston3.11.0,winston-transport4.6.0,not signed
is-data-descriptor2.1.2,function-bind1.1.2,not signed
is-data-descriptor2.1.2,hasown2.0.0,not signed
is-accessor-descriptor3.0.3,function-bind1.1.2,not signed
is-accessor-descriptor3.0.3,hasown2.0.0,not signed
has-value2.0.2,get-value3.0.1,not signed
has-value2.0.2,has-values2.0.1,not signed
has-value2.0.2,isobject3.0.1,not signed
has-value2.0.2,kind-of6.0.3,not signed
bluebird3.7.2,no dependency
cliui8.0.1,ansi-regex5.0.1,not signed
cliui8.0.1,ansi-styles4.3.0,not signed
cliui8.0.1,color-convert2.0.1,not signed
cliui8.0.1,color-name1.1.4,not signed
cliui8.0.1,emoji-regex8.0.0,not signed
cliui8.0.1,is-fullwidth-code-point3.0.0,not signed
cliui8.0.1,string-width4.2.3,not signed
cliui8.0.1,strip-ansi6.0.1,not signed
cliui8.0.1,wrap-ansi7.0.0,not signed
minimatch9.0.3,balanced-match1.0.2,not signed
minimatch9.0.3,brace-expansion2.0.1,not signed
p-limit4.0.0,yocto-queue1.0.0,not signed
